<?xml version="1.0" encoding="ISO-8859-1"?>
<ROTATOR>
<PICTURE>
   <FILE>https://s3.amazonaws.com/jigyaasa_content_static/1d0-735/Optional-Lab-13-1/1.jpeg</FILE>
   <HEIGHT>279px</HEIGHT>
   <WIDTH>480px</WIDTH>
   <ALT>First image - it will change when you click the Next Image link</ALT>
</PICTURE>
<PICTURE>
   <FILE>https://s3.amazonaws.com/jigyaasa_content_static/1d0-735/Optional-Lab-13-1/2.jpeg</FILE>
   <HEIGHT>279px</HEIGHT>
   <WIDTH>480px</WIDTH>
   <ALT>Image #2 - it will change when you click either link</ALT>
</PICTURE>
<PICTURE>
   <FILE>https://s3.amazonaws.com/jigyaasa_content_static/1d0-735/Optional-Lab-13-1/3.jpeg</FILE>
   <HEIGHT>279px</HEIGHT>
   <WIDTH>480px</WIDTH>
   <ALT>Image #3 - it will change when you click either link</ALT>
</PICTURE>
<PICTURE>
   <FILE>https://s3.amazonaws.com/jigyaasa_content_static/1d0-735/Optional-Lab-13-1/4.jpeg</FILE>
   <HEIGHT>279px</HEIGHT>
   <WIDTH>480px</WIDTH>
   <ALT>Image #4 - it will change when you click either link</ALT>
</PICTURE>
<PICTURE>
   <FILE>https://s3.amazonaws.com/jigyaasa_content_static/1d0-735/Optional-Lab-13-1/5.jpeg</FILE>
   <HEIGHT>279px</HEIGHT>
   <WIDTH>480px</WIDTH>
   <ALT>Last image - it will change when you click the Previous Image link</ALT>
</PICTURE>
</ROTATOR>